filename,label
38_459.png,38
3_455.png,7
23_477.png,23
31_475.png,14
32_462.png,32
4_491.png,4
35_484.png,35
22_483.png,17
11_488.png,11
10_496.png,10
32_486.png,32
6_451.png,23
13_476.png,13
17_459.png,7
4_477.png,4
26_470.png,26
15_490.png,15
0_458.png,0
25_477.png,17
26_483.png,49
44_489.png,44
34_489.png,34
32_479.png,32
35_469.png,14
15_462.png,15
3_466.png,3
42_494.png,42
11_491.png,11
23_470.png,39
48_490.png,18
9_482.png,9
46_497.png,46
41_488.png,29
17_465.png,17
36_474.png,19
23_474.png,23
23_451.png,23
7_486.png,7
22_477.png,22
10_453.png,10
9_475.png,9
37_496.png,37
0_459.png,0
1_477.png,1
21_487.png,18
9_461.png,9
21_485.png,1
10_476.png,10
22_497.png,22
16_453.png,16
6_486.png,13
33_466.png,47
13_464.png,13
15_497.png,15
2_470.png,2
23_491.png,23
46_496.png,46
3_462.png,13
10_458.png,40
45_480.png,45
32_464.png,32
35_458.png,35
40_467.png,40
49_482.png,49
23_456.png,23
30_492.png,30
35_485.png,37
2_458.png,2
13_465.png,13
39_481.png,39
32_468.png,32
28_460.png,28
46_460.png,46
6_456.png,13
29_456.png,37
30_486.png,30
46_498.png,46
47_470.png,39
39_476.png,39
3_491.png,3
29_454.png,29
4_496.png,4
10_457.png,10
2_490.png,2
5_487.png,5
14_499.png,14
31_465.png,31
28_490.png,28
31_463.png,31
17_450.png,17
19_475.png,19
42_472.png,42
9_481.png,4
34_458.png,23
40_498.png,9
13_483.png,23
15_477.png,11
21_494.png,1
32_493.png,46
1_458.png,1
31_489.png,24
10_486.png,10
13_491.png,13
38_491.png,38
29_480.png,29
5_475.png,5
48_450.png,48
27_466.png,20
19_479.png,33
1_473.png,1
17_454.png,17
37_476.png,37
16_488.png,16
30_485.png,30
7_457.png,7
16_456.png,16
41_496.png,10
28_480.png,28
2_457.png,2
36_462.png,27
29_472.png,41
8_462.png,8
49_483.png,49
28_496.png,28
36_481.png,36
23_492.png,23
40_465.png,40
26_484.png,26
15_480.png,15
8_467.png,8
43_475.png,37
47_488.png,11
1_451.png,1
32_453.png,32
46_452.png,46
47_456.png,13
20_492.png,20
6_477.png,2
4_452.png,37
28_457.png,28
43_464.png,43
44_473.png,44
34_492.png,34
19_491.png,19
19_480.png,19
13_497.png,13
19_495.png,19
44_454.png,44
31_498.png,5
7_484.png,17
47_489.png,19
24_453.png,13
19_456.png,23
19_486.png,19
38_492.png,38
39_498.png,39
47_495.png,28
48_473.png,48
36_486.png,36
39_494.png,39
4_467.png,4
1_488.png,1
22_487.png,33
36_464.png,36
26_475.png,26
33_488.png,33
27_464.png,27
8_476.png,33
12_471.png,12
13_482.png,13
4_482.png,33
9_472.png,1
38_476.png,38
16_451.png,16
32_450.png,32
25_489.png,25
34_493.png,34
15_496.png,15
29_488.png,29
16_469.png,16
40_495.png,1
47_483.png,15
42_471.png,42
30_461.png,30
23_490.png,23
28_491.png,28
25_467.png,25
37_454.png,37
17_491.png,17
9_496.png,24
11_487.png,11
15_451.png,15
15_494.png,15
49_495.png,49
32_470.png,32
38_468.png,38
28_464.png,28
37_486.png,37
16_468.png,16
24_468.png,24
46_459.png,46
40_462.png,40
4_493.png,5
24_498.png,39
22_486.png,15
12_468.png,4
44_493.png,44
0_471.png,0
22_454.png,33
24_477.png,24
41_466.png,37
31_484.png,5
18_492.png,18
44_471.png,44
26_492.png,26
49_493.png,49
26_493.png,26
35_476.png,24
48_470.png,48
35_454.png,35
9_478.png,9
12_451.png,12
47_477.png,47
48_488.png,48
24_456.png,24
31_466.png,31
32_491.png,32
21_478.png,18
13_492.png,18
18_453.png,18
30_463.png,30
49_467.png,26
40_485.png,40
29_474.png,29
38_469.png,38
12_497.png,2
2_483.png,2
11_496.png,11
36_465.png,11
1_499.png,1
41_458.png,29
43_474.png,19
47_480.png,48
22_474.png,11
28_452.png,28
29_483.png,29
27_484.png,27
0_465.png,0
27_462.png,27
39_474.png,39
45_483.png,45
15_450.png,15
41_454.png,41
35_498.png,13
2_495.png,2
18_475.png,18
33_467.png,33
38_480.png,38
2_468.png,2
30_499.png,30
32_455.png,32
16_466.png,11
5_484.png,33
12_482.png,12
46_487.png,46
16_477.png,33
48_456.png,11
49_454.png,49
1_453.png,1
5_467.png,5
36_452.png,36
42_496.png,1
26_473.png,26
17_452.png,17
0_480.png,0
25_473.png,17
19_470.png,19
41_473.png,22
41_464.png,14
13_498.png,23
20_495.png,20
48_474.png,48
24_490.png,24
4_475.png,18
22_460.png,22
34_470.png,34
44_479.png,44
19_488.png,19
11_458.png,11
0_491.png,0
27_483.png,27
25_472.png,25
27_493.png,27
2_459.png,2
0_481.png,0
15_473.png,15
24_482.png,24
22_472.png,22
48_460.png,33
18_483.png,23
13_453.png,18
23_468.png,18
6_496.png,6
36_496.png,33
20_458.png,20
2_476.png,46
12_487.png,12
42_476.png,4
0_470.png,0
45_474.png,45
27_488.png,27
35_467.png,41
22_462.png,3
20_453.png,11
32_485.png,32
45_496.png,45
30_454.png,30
37_491.png,37
20_459.png,27
32_471.png,32
42_489.png,42
26_488.png,37
45_479.png,45
48_463.png,48
6_475.png,11
40_451.png,9
14_465.png,14
44_484.png,16
20_456.png,25
41_489.png,41
7_490.png,7
12_488.png,12
30_483.png,30
7_454.png,7
21_454.png,24
42_470.png,4
14_494.png,4
11_483.png,7
29_495.png,29
44_465.png,44
45_451.png,45
23_472.png,23
32_478.png,46
16_495.png,16
37_492.png,19
38_477.png,38
5_453.png,0
39_470.png,39
26_450.png,37
24_457.png,12
16_476.png,16
34_480.png,34
32_475.png,32
16_482.png,16
48_461.png,48
18_495.png,18
16_462.png,16
6_461.png,6
4_457.png,4
31_453.png,42
38_456.png,38
32_473.png,32
11_494.png,33
42_490.png,5
39_491.png,39
30_480.png,30
21_491.png,12
41_469.png,41
48_495.png,15
25_452.png,16
27_463.png,27
38_498.png,38
44_462.png,44
13_454.png,23
10_465.png,10
1_459.png,1
36_453.png,48
23_464.png,13
20_473.png,20
0_463.png,0
26_496.png,26
42_461.png,4
14_453.png,14
40_452.png,40
26_478.png,26
45_493.png,45
46_480.png,46
39_495.png,39
21_456.png,21
40_497.png,1
41_490.png,10
19_493.png,19
9_465.png,9
36_490.png,36
1_496.png,1
34_488.png,38
4_484.png,4
27_469.png,27
28_472.png,28
28_473.png,28
43_454.png,43
10_498.png,10
7_467.png,7
21_468.png,5
13_499.png,13
25_486.png,16
13_469.png,13
8_482.png,45
32_497.png,32
14_451.png,14
12_485.png,12
30_490.png,30
14_471.png,14
0_460.png,0
33_492.png,48
31_491.png,31
10_474.png,10
9_468.png,9
40_458.png,40
43_461.png,20
16_490.png,16
5_464.png,5
9_494.png,9
11_492.png,44
25_499.png,25
0_472.png,0
12_474.png,12
41_461.png,41
1_462.png,1
45_454.png,2
48_455.png,17
24_485.png,24
44_485.png,2
35_494.png,35
36_475.png,39
17_486.png,17
0_461.png,0
9_466.png,33
18_471.png,23
6_457.png,13
33_495.png,18
12_486.png,12
13_471.png,13
37_481.png,37
6_458.png,6
24_464.png,24
23_480.png,23
0_495.png,0
49_473.png,49
34_451.png,34
30_494.png,30
10_489.png,10
23_483.png,18
37_487.png,14
3_459.png,3
36_494.png,36
10_454.png,10
33_453.png,48
48_481.png,18
21_484.png,1
41_497.png,31
21_470.png,24
40_484.png,24
23_457.png,23
32_458.png,32
28_456.png,28
17_482.png,17
46_499.png,46
32_483.png,32
40_496.png,40
47_460.png,15
5_483.png,5
14_491.png,37
44_481.png,44
36_476.png,36
19_496.png,19
16_471.png,16
49_455.png,49
2_474.png,2
48_475.png,48
35_486.png,35
5_480.png,5
6_470.png,23
6_494.png,6
24_486.png,24
43_459.png,48
36_492.png,36
31_480.png,31
34_459.png,34
20_472.png,33
39_473.png,39
23_498.png,23
40_487.png,14
25_457.png,15
34_475.png,24
43_468.png,36
6_463.png,6
36_456.png,11
25_490.png,7
43_473.png,1
21_461.png,24
23_467.png,23
5_485.png,5
40_482.png,1
19_450.png,19
25_463.png,25
27_472.png,27
22_461.png,33
22_490.png,48
35_496.png,35
48_492.png,19
15_479.png,15
9_497.png,9
6_487.png,6
6_473.png,6
46_483.png,4
0_456.png,0
43_482.png,20
31_452.png,31
39_485.png,39
45_468.png,45
9_462.png,9
36_466.png,19
33_490.png,33
22_455.png,22
21_466.png,24
43_458.png,43
24_493.png,39
47_491.png,45
24_483.png,24
23_473.png,23
32_459.png,32
38_489.png,38
31_460.png,31
8_493.png,45
14_483.png,14
16_491.png,16
17_471.png,17
19_484.png,28
12_493.png,12
11_455.png,11
41_472.png,29
38_495.png,38
48_459.png,48
30_459.png,30
21_496.png,1
37_480.png,37
32_498.png,32
18_479.png,13
37_458.png,37
18_459.png,18
48_466.png,22
4_480.png,4
27_499.png,20
21_464.png,1
27_481.png,27
8_481.png,15
19_469.png,28
28_495.png,28
46_450.png,12
8_468.png,48
48_458.png,48
31_482.png,4
2_450.png,2
3_472.png,3
3_452.png,3
7_452.png,7
43_487.png,43
1_466.png,1
13_468.png,13
22_498.png,22
21_462.png,5
6_455.png,6
8_496.png,15
22_457.png,17
47_459.png,11
29_482.png,29
2_478.png,2
49_492.png,49
13_458.png,38
23_453.png,23
43_472.png,43
45_472.png,45
4_497.png,35
21_476.png,1
5_456.png,5
19_482.png,23
26_455.png,14
19_453.png,28
22_466.png,22
25_469.png,25
4_499.png,4
29_453.png,29
31_472.png,31
4_492.png,4
18_469.png,23
17_478.png,6
41_499.png,35
44_453.png,2
29_452.png,29
13_490.png,18
31_474.png,24
17_460.png,17
46_494.png,32
2_467.png,2
34_464.png,34
18_454.png,23
20_488.png,20
15_492.png,15
26_451.png,26
19_471.png,19
9_491.png,9
34_494.png,34
36_450.png,20
9_470.png,9
32_490.png,32
38_486.png,38
7_485.png,7
7_494.png,7
20_457.png,19
6_497.png,6
47_453.png,47
41_474.png,37
14_478.png,14
18_465.png,23
12_496.png,12
5_486.png,5
0_468.png,0
36_455.png,11
32_454.png,32
17_462.png,22
5_472.png,5
38_484.png,38
43_483.png,27
28_470.png,28
40_477.png,40
2_472.png,2
20_465.png,20
30_450.png,30
44_452.png,23
43_497.png,43
5_498.png,5
17_488.png,17
37_488.png,37
35_474.png,37
47_455.png,8
42_463.png,42
41_457.png,41
25_450.png,13
40_464.png,40
26_469.png,18
3_481.png,3
18_494.png,18
31_464.png,14
19_478.png,5
0_466.png,0
38_463.png,38
13_493.png,18
8_469.png,8
25_487.png,25
45_450.png,7
5_474.png,5
33_481.png,33
34_460.png,34
26_463.png,26
48_476.png,30
34_450.png,34
4_479.png,4
13_485.png,13
16_467.png,16
34_469.png,24
29_497.png,29
10_485.png,10
35_477.png,23
41_459.png,10
47_481.png,39
13_488.png,39
29_475.png,29
13_486.png,13
19_472.png,19
49_451.png,49
2_462.png,2
38_494.png,38
34_499.png,34
23_454.png,18
26_480.png,26
6_467.png,23
28_498.png,28
39_463.png,39
25_454.png,15
17_456.png,17
1_456.png,1
36_463.png,45
42_495.png,42
2_493.png,2
26_464.png,26
28_466.png,28
8_465.png,48
37_489.png,37
33_484.png,33
25_494.png,25
17_485.png,17
33_482.png,48
33_493.png,39
29_466.png,29
7_456.png,17
38_450.png,38
9_467.png,5
38_451.png,38
45_453.png,45
39_452.png,39
24_495.png,24
47_494.png,15
25_468.png,25
3_493.png,7
49_489.png,49
32_487.png,32
37_497.png,43
48_497.png,48
44_459.png,44
38_496.png,38
17_451.png,7
48_489.png,48
23_469.png,23
34_473.png,34
16_492.png,16
9_450.png,9
33_479.png,48
31_467.png,5
11_499.png,11
26_487.png,26
40_492.png,33
5_496.png,5
37_457.png,43
14_458.png,14
8_457.png,8
18_489.png,18
44_499.png,44
39_487.png,39
36_499.png,19
26_481.png,26
25_491.png,25
16_489.png,16
31_450.png,5
10_464.png,10
40_453.png,40
35_457.png,35
11_473.png,44
47_485.png,28
27_478.png,27
39_479.png,39
44_486.png,44
27_486.png,27
21_488.png,24
44_491.png,44
46_468.png,42
49_499.png,49
8_477.png,8
7_481.png,17
37_479.png,37
43_490.png,43
23_459.png,23
31_496.png,42
22_499.png,22
35_462.png,35
26_498.png,26
6_485.png,23
21_455.png,18
43_462.png,43
44_466.png,44
14_493.png,37
28_458.png,28
12_469.png,12
19_462.png,19
39_450.png,39
46_453.png,46
43_493.png,43
17_453.png,17
30_478.png,30
20_461.png,33
1_452.png,1
1_498.png,1
46_478.png,46
49_468.png,49
7_460.png,2
0_453.png,0
37_463.png,37
5_457.png,5
24_476.png,24
4_474.png,4
29_490.png,29
4_456.png,4
20_468.png,33
49_485.png,49
8_461.png,15
22_492.png,3
27_471.png,27
6_474.png,13
4_451.png,4
14_485.png,37
1_476.png,1
14_479.png,14
18_473.png,18
30_453.png,30
16_478.png,1
26_467.png,26
10_475.png,23
48_465.png,48
44_472.png,33
4_465.png,4
5_463.png,5
15_468.png,22
42_462.png,42
3_454.png,15
12_478.png,12
21_452.png,1
8_459.png,48
40_479.png,1
44_492.png,44
23_496.png,23
20_483.png,20
43_477.png,43
16_458.png,16
15_482.png,23
49_464.png,49
49_474.png,49
26_495.png,26
0_484.png,0
11_461.png,11
46_490.png,32
16_487.png,33
0_467.png,0
49_461.png,49
35_499.png,14
20_462.png,20
1_481.png,1
29_481.png,37
6_478.png,6
26_482.png,26
18_497.png,18
11_481.png,11
39_465.png,39
2_463.png,2
16_497.png,16
36_472.png,11
23_478.png,18
10_469.png,37
33_471.png,48
5_499.png,5
21_474.png,24
27_455.png,49
38_455.png,38
30_466.png,30
24_475.png,24
45_470.png,45
9_460.png,1
9_499.png,9
24_450.png,14
25_484.png,25
39_467.png,39
2_488.png,2
44_480.png,44
25_488.png,25
40_480.png,1
33_489.png,8
48_472.png,48
36_498.png,36
29_471.png,29
14_488.png,14
8_484.png,15
2_477.png,2
20_466.png,37
45_461.png,25
31_462.png,31
11_457.png,11
15_471.png,15
15_485.png,7
9_474.png,9
3_478.png,3
17_469.png,17
49_490.png,49
48_498.png,11
40_481.png,9
41_479.png,10
2_485.png,2
16_459.png,16
48_499.png,48
14_498.png,37
18_476.png,18
43_488.png,43
42_467.png,42
20_469.png,20
19_467.png,19
30_475.png,30
36_470.png,36
42_465.png,42
21_460.png,18
9_479.png,9
34_462.png,34
26_465.png,26
34_490.png,34
48_480.png,48
45_488.png,45
21_498.png,24
8_474.png,8
46_475.png,32
17_466.png,17
7_476.png,7
25_476.png,7
12_491.png,12
5_465.png,5
11_454.png,11
33_483.png,33
44_468.png,44
7_483.png,17
11_484.png,11
22_476.png,22
43_489.png,2
20_494.png,20
26_458.png,26
11_472.png,11
44_467.png,44
7_489.png,7
3_488.png,30
41_452.png,33
21_459.png,18
8_452.png,15
13_474.png,23
26_453.png,26
2_455.png,2
32_467.png,32
27_496.png,20
6_489.png,39
27_467.png,27
6_488.png,6
3_485.png,37
12_465.png,12
26_452.png,27
43_455.png,43
23_479.png,23
24_497.png,24
24_454.png,38
18_461.png,18
48_468.png,19
2_461.png,2
21_492.png,31
27_474.png,16
48_482.png,33
49_458.png,49
29_470.png,37
5_452.png,5
10_472.png,35
3_495.png,3
17_492.png,2
15_457.png,15
31_455.png,31
15_498.png,16
29_493.png,29
14_464.png,37
19_489.png,19
1_489.png,1
33_496.png,3
39_482.png,39
11_486.png,11
3_492.png,3
46_491.png,32
27_470.png,27
23_475.png,23
11_466.png,44
9_484.png,9
43_498.png,43
26_457.png,26
31_469.png,31
19_468.png,0
33_456.png,48
24_467.png,24
20_460.png,20
34_466.png,34
4_494.png,4
11_451.png,11
36_473.png,48
24_466.png,24
43_494.png,43
38_499.png,38
3_480.png,3
6_468.png,23
37_451.png,37
11_497.png,25
22_471.png,25
5_471.png,5
20_450.png,20
17_472.png,17
12_467.png,12
20_489.png,20
15_491.png,3
40_473.png,9
19_474.png,19
37_456.png,37
46_488.png,46
10_451.png,10
27_495.png,27
14_469.png,14
18_451.png,18
38_458.png,38
22_489.png,22
38_482.png,38
0_478.png,0
28_462.png,28
45_477.png,45
46_467.png,46
1_461.png,1
5_460.png,5
39_454.png,39
7_492.png,7
0_452.png,0
7_497.png,7
19_490.png,19
12_452.png,12
14_482.png,14
21_497.png,5
7_450.png,15
22_469.png,17
27_456.png,49
36_461.png,36
11_493.png,11
0_486.png,11
27_492.png,27
24_472.png,24
40_489.png,40
20_464.png,37
11_464.png,11
22_463.png,22
0_488.png,0
23_499.png,23
43_479.png,43
38_472.png,38
28_499.png,28
27_482.png,27
13_480.png,13
1_455.png,1
6_471.png,23
3_460.png,33
13_473.png,13
39_477.png,23
41_492.png,41
35_471.png,35
16_496.png,16
31_456.png,14
29_489.png,33
42_485.png,42
48_485.png,48
30_498.png,30
18_498.png,18
23_495.png,23
27_473.png,11
39_459.png,39
12_495.png,12
17_479.png,17
25_482.png,25
25_493.png,17
35_455.png,35
29_464.png,37
4_485.png,42
14_457.png,14
39_472.png,39
17_497.png,17
0_457.png,0
20_477.png,11
25_479.png,25
41_480.png,10
44_498.png,44
36_458.png,36
39_480.png,39
2_473.png,2
7_475.png,7
46_466.png,46
0_490.png,0
49_453.png,49
7_458.png,7
31_461.png,31
35_463.png,10
8_460.png,15
21_482.png,1
9_452.png,9
45_482.png,45
11_490.png,8
2_451.png,2
7_491.png,7
24_481.png,24
41_468.png,31
46_484.png,46
40_454.png,40
42_491.png,4
42_474.png,4
46_461.png,32
47_466.png,44
22_481.png,6
12_464.png,12
2_453.png,2
20_452.png,27
37_484.png,37
17_487.png,23
39_486.png,39
49_491.png,49
1_491.png,1
1_457.png,1
24_451.png,24
47_458.png,20
29_486.png,35
10_490.png,10
35_475.png,10
20_471.png,20
28_484.png,28
28_485.png,28
42_454.png,42
18_480.png,18
9_480.png,9
10_459.png,10
17_475.png,48
19_458.png,19
30_465.png,30
9_495.png,9
27_489.png,27
37_490.png,37
33_478.png,7
44_458.png,44
40_471.png,1
11_489.png,30
34_487.png,34
0_462.png,0
33_457.png,33
5_476.png,5
22_450.png,22
40_491.png,1
8_466.png,15
27_497.png,27
21_453.png,24
17_481.png,17
32_456.png,32
48_493.png,48
13_457.png,18
9_459.png,9
14_495.png,14
30_484.png,39
48_464.png,39
44_464.png,44
34_483.png,34
21_475.png,21
31_492.png,14
38_471.png,38
48_462.png,48
30_473.png,30
0_474.png,0
28_489.png,28
45_459.png,45
0_479.png,11
28_487.png,28
14_475.png,14
17_484.png,17
26_472.png,26
32_457.png,32
16_454.png,33
37_498.png,37
35_451.png,35
21_450.png,4
30_456.png,30
10_479.png,10
42_458.png,42
36_482.png,3
7_498.png,7
25_474.png,15
39_484.png,39
37_464.png,37
15_465.png,15
4_476.png,4
21_473.png,1
35_453.png,14
3_453.png,33
38_466.png,38
14_481.png,14
45_475.png,45
6_495.png,13
34_465.png,34
10_473.png,10
46_470.png,46
14_486.png,14
10_468.png,10
23_460.png,23
16_464.png,16
24_487.png,24
9_492.png,24
12_473.png,12
33_499.png,48
37_494.png,13
6_476.png,6
16_472.png,16
28_494.png,28
36_451.png,36
48_479.png,48
13_478.png,13
26_499.png,26
8_458.png,30
43_452.png,30
1_495.png,1
29_469.png,29
41_483.png,41
22_496.png,22
25_451.png,17
29_463.png,37
9_476.png,9
5_481.png,5
16_474.png,16
1_469.png,1
44_470.png,44
13_467.png,18
26_477.png,26
32_488.png,46
14_489.png,14
6_452.png,23
42_478.png,4
44_497.png,38
14_476.png,37
5_461.png,5
45_462.png,45
2_497.png,2
6_483.png,6
29_451.png,29
23_482.png,38
27_452.png,27
35_478.png,35
39_496.png,39
30_472.png,18
6_481.png,12
39_469.png,39
37_475.png,37
31_483.png,31
38_474.png,38
23_463.png,23
26_456.png,26
30_460.png,4
11_467.png,28
6_453.png,38
13_466.png,13
16_463.png,16
1_484.png,1
25_460.png,25
1_483.png,1
17_483.png,33
28_468.png,28
33_497.png,48
4_481.png,4
1_480.png,40
45_457.png,37
12_490.png,12
5_488.png,5
9_457.png,1
49_478.png,49
36_471.png,48
20_486.png,20
49_487.png,49
8_491.png,48
35_483.png,35
4_464.png,4
7_480.png,45
30_464.png,24
10_480.png,10
28_492.png,28
11_482.png,11
0_454.png,0
13_455.png,13
37_473.png,37
15_464.png,15
22_482.png,15
37_453.png,11
24_473.png,24
5_466.png,5
49_462.png,49
0_477.png,0
18_467.png,18
8_489.png,27
46_473.png,46
39_460.png,39
35_497.png,35
7_479.png,3
8_480.png,8
21_489.png,24
45_490.png,45
9_471.png,9
42_479.png,42
33_454.png,16
4_455.png,24
43_467.png,37
7_453.png,30
33_480.png,33
0_499.png,0
15_459.png,15
17_494.png,17
31_476.png,31
45_489.png,45
7_499.png,7
14_487.png,14
47_498.png,3
38_475.png,38
1_464.png,1
35_459.png,33
0_475.png,0
44_461.png,11
48_486.png,48
7_451.png,17
23_461.png,23
41_477.png,13
2_489.png,2
29_477.png,29
48_491.png,48
35_470.png,37
39_475.png,39
38_457.png,38
49_470.png,49
9_490.png,9
17_467.png,17
41_476.png,37
45_452.png,45
18_486.png,39
42_482.png,42
49_480.png,49
8_479.png,47
6_479.png,6
22_494.png,37
40_475.png,40
21_499.png,24
19_459.png,19
34_476.png,34
16_484.png,16
31_481.png,31
40_494.png,40
32_481.png,32
47_479.png,1
12_480.png,12
12_492.png,12
35_464.png,41
43_478.png,43
32_484.png,32
25_483.png,25
5_482.png,5
49_469.png,18
19_487.png,19
22_473.png,16
24_462.png,24
22_495.png,15
14_472.png,14
23_458.png,23
0_483.png,0
22_465.png,22
24_491.png,24
15_478.png,4
18_484.png,23
45_473.png,45
47_450.png,47
46_458.png,32
14_473.png,14
45_464.png,45
11_479.png,2
0_451.png,0
8_453.png,48
24_484.png,24
30_451.png,30
36_478.png,36
13_479.png,18
21_472.png,12
31_490.png,11
30_477.png,14
6_492.png,13
11_456.png,11
34_498.png,34
49_481.png,49
26_462.png,26
44_451.png,44
46_465.png,46
46_463.png,46
28_476.png,28
15_455.png,16
36_459.png,33
9_455.png,9
0_493.png,0
43_499.png,43
34_484.png,34
14_480.png,14
0_487.png,0
27_479.png,27
5_478.png,5
7_473.png,7
23_476.png,23
15_460.png,15
45_465.png,45
43_495.png,43
33_487.png,48
29_485.png,29
27_457.png,27
42_498.png,42
17_480.png,44
24_494.png,24
20_482.png,33
9_489.png,1
21_493.png,24
15_461.png,8
19_477.png,39
32_451.png,32
36_468.png,42
17_473.png,17
41_486.png,37
47_454.png,13
18_470.png,23
45_476.png,45
2_456.png,2
18_466.png,18
6_480.png,23
35_493.png,35
5_459.png,5
12_459.png,12
26_474.png,26
17_468.png,3
44_456.png,44
30_487.png,30
14_497.png,14
7_459.png,7
12_453.png,12
38_465.png,38
40_457.png,1
6_493.png,18
18_499.png,18
4_453.png,5
29_457.png,29
40_468.png,40
24_455.png,23
23_471.png,23
19_494.png,13
4_462.png,1
7_470.png,7
24_479.png,39
30_455.png,30
15_470.png,17
4_468.png,4
1_454.png,1
10_450.png,10
20_475.png,33
33_491.png,48
32_460.png,32
26_454.png,26
12_489.png,12
49_488.png,49
35_489.png,35
34_457.png,34
23_484.png,23
10_495.png,10
44_494.png,44
46_455.png,46
44_457.png,44
31_459.png,31
30_470.png,30
16_493.png,16
10_470.png,10
31_485.png,31
27_487.png,27
4_490.png,13
2_494.png,44
9_464.png,9
28_488.png,28
40_470.png,37
13_496.png,23
40_488.png,40
25_458.png,25
39_458.png,39
41_451.png,29
2_496.png,2
8_486.png,48
41_453.png,35
20_499.png,43
23_465.png,23
39_499.png,39
26_490.png,26
23_486.png,39
1_497.png,1
13_456.png,39
33_464.png,33
9_473.png,9
16_461.png,16
14_455.png,14
4_489.png,4
31_493.png,28
37_485.png,37
20_467.png,27
29_462.png,29
14_477.png,14
33_463.png,33
31_471.png,31
42_492.png,42
23_497.png,23
5_454.png,5
31_488.png,31
43_481.png,26
9_469.png,9
44_483.png,44
38_453.png,38
7_482.png,7
21_479.png,18
36_480.png,7
19_464.png,19
47_471.png,28
41_455.png,14
19_452.png,19
5_455.png,5
18_460.png,23
39_497.png,39
4_478.png,4
1_490.png,1
44_476.png,44
38_462.png,38
12_460.png,12
27_490.png,33
12_456.png,12
34_468.png,34
22_478.png,22
20_481.png,20
37_450.png,37
25_464.png,17
12_470.png,12
28_477.png,28
37_495.png,37
38_470.png,38
41_460.png,41
41_482.png,13
2_498.png,2
46_474.png,46
42_455.png,42
31_473.png,24
2_491.png,2
36_491.png,11
4_460.png,33
36_467.png,36
7_477.png,7
13_477.png,13
47_493.png,15
45_485.png,45
7_472.png,7
9_486.png,9
19_481.png,0
33_450.png,33
24_488.png,39
33_469.png,48
37_462.png,14
42_464.png,4
42_487.png,42
7_466.png,7
38_464.png,38
48_467.png,17
7_496.png,18
22_475.png,15
8_471.png,8
35_450.png,37
0_492.png,0
3_489.png,3
30_452.png,18
24_478.png,24
44_450.png,44
10_482.png,35
38_479.png,23
22_480.png,22
11_452.png,28
5_450.png,5
18_478.png,18
15_476.png,17
22_468.png,33
31_494.png,31
3_467.png,3
46_481.png,46
2_454.png,11
15_456.png,33
43_480.png,43
0_469.png,0
28_469.png,28
27_498.png,49
30_491.png,30
34_456.png,38
11_462.png,44
6_454.png,6
25_453.png,25
35_466.png,35
42_451.png,42
3_483.png,3
25_478.png,25
18_477.png,18
17_495.png,17
21_495.png,24
32_480.png,32
23_466.png,39
30_467.png,18
26_460.png,26
48_471.png,48
40_483.png,40
0_494.png,18
31_495.png,31
40_478.png,40
18_468.png,18
5_493.png,37
38_487.png,38
3_471.png,3
16_460.png,25
3_479.png,18
29_468.png,29
27_451.png,27
47_492.png,47
35_480.png,10
12_481.png,12
20_490.png,27
15_488.png,48
33_475.png,7
25_496.png,25
9_483.png,9
48_452.png,48
25_470.png,25
8_488.png,3
24_480.png,24
31_487.png,31
2_492.png,2
46_462.png,32
26_494.png,26
25_466.png,17
28_483.png,28
3_490.png,3
48_477.png,48
29_450.png,29
27_459.png,27
1_487.png,1
22_456.png,33
46_482.png,46
37_465.png,37
45_499.png,2
47_452.png,16
35_491.png,35
28_482.png,28
5_479.png,26
31_478.png,31
13_495.png,13
44_475.png,47
1_472.png,1
7_468.png,7
11_463.png,36
44_463.png,44
43_466.png,43
16_473.png,3
27_475.png,39
11_480.png,11
22_484.png,16
30_495.png,30
42_497.png,42
49_466.png,49
11_485.png,11
40_490.png,1
26_489.png,26
45_491.png,2
40_474.png,40
21_465.png,24
33_461.png,48
12_483.png,12
18_452.png,23
10_487.png,35
3_498.png,18
13_460.png,13
1_475.png,1
37_483.png,37
25_475.png,25
29_476.png,29
29_478.png,29
25_492.png,25
10_462.png,35
49_459.png,49
19_498.png,19
27_450.png,16
24_499.png,24
0_485.png,0
2_499.png,11
48_451.png,48
21_471.png,1
47_484.png,28
8_492.png,39
37_459.png,18
12_479.png,12
4_454.png,4
23_462.png,23
34_478.png,24
47_497.png,30
30_482.png,18
45_458.png,45
15_458.png,15
34_472.png,34
10_478.png,10
12_477.png,12
28_479.png,28
9_463.png,9
47_487.png,23
14_466.png,14
40_463.png,40
2_452.png,2
8_470.png,8
45_471.png,17
45_492.png,45
36_477.png,36
23_481.png,23
10_494.png,10
15_463.png,15
13_452.png,13
3_463.png,15
13_484.png,23
5_491.png,5
13_461.png,13
21_477.png,24
21_458.png,37
31_457.png,33
12_499.png,12
2_484.png,2
9_485.png,1
6_459.png,6
12_462.png,12
45_495.png,45
9_458.png,9
31_499.png,5
19_451.png,19
5_473.png,5
16_479.png,16
42_466.png,42
1_460.png,1
26_461.png,26
22_458.png,22
30_489.png,30
39_483.png,39
1_465.png,1
36_485.png,11
2_465.png,2
33_451.png,33
31_451.png,1
33_477.png,48
49_486.png,49
35_490.png,35
42_475.png,42
14_467.png,14
35_479.png,28
29_460.png,29
4_450.png,4
32_482.png,32
4_486.png,4
49_497.png,49
35_487.png,35
8_487.png,15
11_475.png,11
26_497.png,26
29_455.png,29
5_470.png,5
16_483.png,16
39_466.png,39
1_450.png,1
47_457.png,17
39_492.png,39
45_478.png,45
7_474.png,7
28_474.png,28
16_481.png,16
45_460.png,45
24_460.png,24
20_454.png,20
44_488.png,17
43_465.png,36
37_471.png,37
11_477.png,11
20_487.png,20
14_468.png,14
2_487.png,17
47_482.png,48
42_456.png,42
0_497.png,0
41_463.png,39
9_487.png,9
1_467.png,1
33_468.png,16
1_468.png,1
35_472.png,35
25_481.png,15
12_476.png,12
18_450.png,18
2_480.png,2
7_488.png,7
27_476.png,27
24_461.png,24
46_492.png,46
5_490.png,5
13_472.png,13
2_479.png,2
12_455.png,12
25_462.png,25
23_450.png,23
10_455.png,10
33_474.png,48
35_473.png,35
42_480.png,42
7_471.png,7
47_464.png,33
47_465.png,18
46_451.png,46
4_458.png,4
14_461.png,14
13_450.png,13
41_456.png,23
29_496.png,29
5_451.png,5
17_470.png,15
11_469.png,45
30_469.png,30
36_488.png,36
7_463.png,7
37_452.png,37
11_495.png,11
4_463.png,1
19_465.png,19
36_493.png,19
34_453.png,5
8_455.png,8
21_490.png,1
29_473.png,29
21_467.png,24
7_487.png,25
39_471.png,39
18_485.png,18
0_498.png,0
32_463.png,32
20_451.png,36
14_450.png,14
18_482.png,18
28_493.png,28
32_474.png,37
24_492.png,24
29_499.png,29
36_457.png,36
28_497.png,28
40_450.png,40
22_479.png,16
34_486.png,38
26_471.png,37
17_455.png,17
15_474.png,22
35_461.png,10
42_483.png,42
35_465.png,37
23_493.png,23
10_460.png,10
30_471.png,19
47_463.png,2
28_463.png,28
33_458.png,33
36_483.png,1
37_455.png,14
49_465.png,49
20_493.png,20
32_452.png,32
37_467.png,37
6_465.png,34
44_478.png,45
6_499.png,23
2_464.png,2
12_463.png,12
20_463.png,19
14_474.png,14
22_451.png,17
27_491.png,27
7_462.png,7
24_489.png,24
46_495.png,46
18_472.png,18
24_469.png,24
49_472.png,49
15_483.png,48
48_453.png,15
16_450.png,16
42_488.png,42
40_459.png,40
40_461.png,40
14_470.png,14
31_454.png,24
31_479.png,14
11_460.png,2
39_489.png,39
4_488.png,4
28_467.png,28
3_461.png,3
2_471.png,2
13_494.png,13
45_486.png,45
3_486.png,3
40_469.png,14
34_491.png,5
26_466.png,26
3_465.png,3
34_452.png,24
4_466.png,4
38_481.png,38
42_457.png,42
33_462.png,33
46_457.png,46
10_499.png,10
15_466.png,15
40_476.png,1
3_487.png,45
42_493.png,4
38_467.png,38
31_486.png,31
27_480.png,27
27_468.png,27
37_482.png,37
42_450.png,42
8_463.png,22
32_489.png,32
6_472.png,18
28_481.png,28
28_451.png,28
25_497.png,25
17_474.png,17
11_450.png,11
41_471.png,35
38_452.png,38
26_476.png,26
46_472.png,46
46_486.png,46
41_487.png,49
27_460.png,27
19_457.png,19
3_482.png,3
29_467.png,29
39_488.png,39
41_462.png,37
1_474.png,1
28_450.png,28
8_456.png,33
17_489.png,17
46_477.png,46
8_495.png,33
2_460.png,2
24_465.png,39
33_472.png,48
16_465.png,33
18_463.png,18
24_471.png,46
39_462.png,39
42_484.png,42
49_477.png,49
15_495.png,8
5_477.png,5
18_493.png,18
49_476.png,49
29_494.png,14
22_459.png,22
18_491.png,18
49_484.png,49
38_461.png,38
11_474.png,17
47_469.png,28
20_480.png,27
15_489.png,23
3_457.png,17
39_455.png,39
22_491.png,33
31_470.png,14
27_461.png,33
20_498.png,20
48_494.png,48
49_452.png,49
4_461.png,4
18_481.png,18
34_482.png,12
45_494.png,45
3_477.png,37
10_467.png,10
42_499.png,12
8_454.png,38
3_464.png,3
40_472.png,40
29_487.png,29
32_472.png,32
23_485.png,18
26_491.png,26
12_475.png,12
8_498.png,15
18_488.png,18
42_481.png,42
14_490.png,14
30_468.png,30
49_460.png,49
7_478.png,7
44_487.png,44
16_470.png,16
34_477.png,34
22_467.png,16
12_457.png,12
36_497.png,11
28_471.png,28
43_471.png,43
24_470.png,24
3_468.png,15
23_487.png,23
20_478.png,20
17_496.png,7
9_453.png,24
24_463.png,32
40_460.png,9
32_496.png,32
38_493.png,23
15_484.png,15
4_495.png,4
34_471.png,34
36_469.png,36
41_484.png,35
32_492.png,32
12_450.png,12
47_496.png,48
39_461.png,39
49_463.png,49
7_464.png,17
3_458.png,3
44_474.png,44
44_496.png,44
25_498.png,17
25_480.png,25
19_461.png,18
7_493.png,2
37_466.png,37
15_475.png,39
35_452.png,37
18_464.png,18
42_473.png,23
2_482.png,2
17_463.png,17
17_464.png,17
7_461.png,7
38_490.png,38
40_456.png,24
21_480.png,1
34_474.png,34
22_488.png,8
18_457.png,18
5_458.png,5
11_498.png,8
6_498.png,18
14_454.png,14
3_496.png,3
45_456.png,45
48_457.png,48
26_479.png,3
18_462.png,18
16_475.png,16
5_495.png,5
0_450.png,0
13_481.png,18
28_475.png,28
19_473.png,19
20_479.png,23
13_489.png,13
46_464.png,46
6_491.png,6
45_484.png,45
4_470.png,4
15_467.png,17
25_461.png,2
14_456.png,37
36_460.png,36
11_468.png,11
13_470.png,13
34_485.png,34
39_451.png,39
3_456.png,3
8_494.png,15
48_483.png,17
16_457.png,16
33_485.png,48
6_466.png,6
10_484.png,10
9_488.png,9
47_461.png,15
30_488.png,10
30_458.png,30
46_456.png,46
13_451.png,13
21_486.png,1
28_478.png,28
27_465.png,27
6_460.png,23
7_465.png,7
18_456.png,18
48_484.png,3
43_491.png,43
41_493.png,35
25_471.png,25
3_494.png,33
25_465.png,16
30_474.png,6
10_452.png,10
44_495.png,44
15_493.png,15
49_475.png,49
19_463.png,23
30_493.png,30
47_486.png,11
49_450.png,39
17_457.png,16
8_475.png,48
33_455.png,28
16_499.png,8
41_478.png,35
1_463.png,1
36_454.png,39
10_488.png,10
48_487.png,48
25_456.png,33
18_458.png,18
13_462.png,13
12_454.png,12
20_476.png,27
1_470.png,1
36_479.png,16
21_483.png,21
43_457.png,43
19_485.png,19
15_487.png,15
4_469.png,4
22_470.png,33
38_478.png,38
0_496.png,0
47_468.png,47
27_453.png,27
5_492.png,5
39_456.png,39
15_481.png,15
49_479.png,49
12_461.png,12
18_496.png,18
42_459.png,42
35_460.png,13
19_492.png,19
41_450.png,37
37_499.png,39
43_451.png,43
35_456.png,35
43_492.png,11
44_460.png,44
47_451.png,16
12_458.png,12
37_470.png,37
10_497.png,13
34_497.png,34
7_455.png,7
21_451.png,24
41_494.png,35
45_487.png,45
32_461.png,32
5_469.png,5
22_452.png,33
1_482.png,1
28_455.png,28
33_486.png,30
20_470.png,36
35_481.png,35
33_473.png,33
49_498.png,49
30_462.png,30
44_477.png,44
46_485.png,46
38_460.png,38
8_490.png,30
11_478.png,43
32_494.png,32
29_459.png,29
3_473.png,3
43_450.png,43
14_460.png,14
22_464.png,22
41_491.png,41
25_455.png,25
29_491.png,37
3_484.png,3
9_456.png,9
30_481.png,23
43_453.png,43
4_487.png,33
18_487.png,18
37_469.png,37
20_497.png,20
29_498.png,29
24_459.png,24
10_491.png,10
35_495.png,13
39_457.png,39
34_481.png,34
6_482.png,23
6_469.png,30
1_471.png,1
44_482.png,44
15_472.png,15
45_481.png,45
17_498.png,23
42_452.png,42
43_476.png,43
31_497.png,5
8_451.png,22
11_459.png,11
32_466.png,46
3_499.png,3
33_476.png,13
24_452.png,24
13_459.png,13
23_489.png,23
34_479.png,34
33_460.png,48
42_469.png,4
19_455.png,19
23_488.png,23
49_494.png,49
49_456.png,49
42_468.png,42
37_474.png,37
27_458.png,27
18_490.png,13
2_475.png,2
10_466.png,10
45_466.png,45
32_469.png,32
1_478.png,1
9_498.png,9
40_455.png,1
43_484.png,17
34_455.png,34
29_465.png,31
40_486.png,40
3_450.png,3
27_454.png,27
16_455.png,16
37_461.png,37
11_470.png,11
0_473.png,0
27_485.png,27
4_459.png,4
23_494.png,23
8_464.png,15
19_476.png,5
19_466.png,19
18_455.png,23
29_484.png,29
17_461.png,17
0_476.png,0
17_499.png,1
42_460.png,42
15_453.png,15
37_472.png,37
3_470.png,19
32_477.png,23
42_453.png,42
34_495.png,34
31_468.png,5
14_492.png,14
11_476.png,11
21_469.png,21
21_457.png,24
3_474.png,3
2_466.png,13
44_490.png,44
48_454.png,33
19_460.png,19
32_465.png,32
25_459.png,25
10_471.png,10
1_485.png,1
8_478.png,15
27_477.png,27
20_474.png,20
44_469.png,44
20_496.png,20
39_464.png,39
15_454.png,15
0_489.png,0
26_486.png,26
37_460.png,37
5_497.png,5
15_499.png,15
17_477.png,17
8_483.png,15
38_497.png,34
1_479.png,1
36_487.png,11
45_467.png,45
22_453.png,22
15_469.png,17
48_478.png,48
4_473.png,4
1_494.png,1
35_468.png,35
41_498.png,41
8_473.png,8
12_466.png,12
14_496.png,14
33_459.png,15
49_457.png,49
40_466.png,1
6_450.png,18
12_484.png,12
6_464.png,6
5_494.png,5
43_485.png,43
46_489.png,46
11_465.png,45
16_486.png,16
0_482.png,0
46_469.png,32
37_493.png,37
47_478.png,11
28_486.png,28
31_458.png,24
23_455.png,23
48_496.png,15
3_497.png,3
19_454.png,19
4_483.png,4
8_485.png,8
10_463.png,35
39_490.png,39
38_483.png,23
42_486.png,42
17_493.png,17
46_476.png,46
24_458.png,24
37_477.png,37
39_478.png,18
41_495.png,41
7_469.png,15
17_476.png,17
30_476.png,16
46_493.png,46
7_495.png,25
43_469.png,43
47_472.png,47
16_452.png,25
49_471.png,49
47_473.png,11
6_490.png,24
19_497.png,37
3_469.png,3
1_492.png,1
24_474.png,24
37_468.png,37
10_477.png,10
41_465.png,41
30_497.png,30
8_472.png,15
12_472.png,12
10_481.png,10
38_485.png,38
13_463.png,23
41_475.png,35
10_492.png,35
41_470.png,26
16_485.png,44
21_463.png,1
45_463.png,45
34_467.png,34
20_491.png,20
42_477.png,5
20_485.png,11
1_493.png,1
34_454.png,34
13_475.png,13
9_454.png,9
34_463.png,34
36_489.png,11
45_455.png,2
25_485.png,13
30_479.png,1
43_463.png,26
3_451.png,10
47_490.png,16
17_490.png,11
29_492.png,29
48_469.png,48
5_489.png,5
49_496.png,49
10_493.png,39
35_482.png,35
9_477.png,9
38_454.png,38
4_472.png,4
26_468.png,26
14_484.png,14
16_494.png,11
5_462.png,4
39_468.png,39
16_498.png,16
18_474.png,18
0_455.png,0
41_481.png,41
28_459.png,28
47_467.png,33
9_493.png,9
15_452.png,25
14_462.png,14
9_451.png,9
26_485.png,26
5_468.png,5
36_495.png,36
33_452.png,33
11_453.png,11
16_480.png,16
20_455.png,20
32_476.png,32
3_475.png,3
39_453.png,39
24_496.png,24
28_454.png,28
4_498.png,4
45_497.png,45
40_493.png,40
10_483.png,10
6_484.png,6
36_484.png,19
34_496.png,34
28_453.png,28
43_486.png,43
33_470.png,33
38_473.png,38
35_492.png,35
43_496.png,43
12_498.png,12
4_471.png,12
2_481.png,2
41_485.png,41
19_499.png,19
10_456.png,18
15_486.png,15
41_467.png,37
30_457.png,30
23_452.png,23
8_450.png,48
29_479.png,29
33_498.png,33
29_458.png,29
40_499.png,34
32_495.png,32
37_478.png,37
11_471.png,11
47_462.png,11
38_488.png,38
8_497.png,8
25_495.png,25
31_477.png,31
0_464.png,0
33_494.png,48
47_475.png,19
47_476.png,16
27_494.png,27
32_499.png,46
17_458.png,17
21_481.png,18
33_465.png,33
22_485.png,22
2_469.png,2
39_493.png,39
26_459.png,26
35_488.png,14
43_460.png,17
14_452.png,14
47_474.png,15
46_471.png,46
6_462.png,13
34_461.png,34
43_456.png,43
19_483.png,19
1_486.png,1
20_484.png,39
44_455.png,44
2_486.png,2
47_499.png,33
29_461.png,29
22_493.png,33
46_454.png,32
46_479.png,46
28_465.png,28
43_470.png,43
13_487.png,44
3_476.png,3
14_463.png,11
14_459.png,14
30_496.png,30
10_461.png,9
28_461.png,28
12_494.png,12
45_469.png,45
45_498.png,45
8_499.png,48
